<?xml version="1.0" encoding="UTF-8"?>
<Configuration status="WARN">

    <Appenders>
        <Console name="Console" target="SYSTEM_OUT">
            <PatternLayout pattern="%d{HH:mm:ss.SSS} [%t] %-5level %logger{36} - %msg%n"/>
        </Console>
        <File name="MyFile" fileName="all.log">
            <PatternLayout pattern="%d{yyy-MM-dd HH:mm:ss.SSS} [%t] %-5level %logger{36} - %msg%n"/>
        </File>
    </Appenders>

    <Loggers>
        <!-- Root Logger -->
        <Root level="debug">
            <AppenderRef ref="Console"/>
            <AppenderRef ref="MyFile"/>
        </Root>
    </Loggers>

</Configuration>